{
    "name": "Spain",
    "topLevelDomain": [
        ".es"
    ],
    "alpha2Code": "ES",
    "alpha3Code": "ESP",
    "callingCodes": [
        "34"
    ],
    "capital": "Madrid",
    "altSpellings": [
        "ES",
        "Kingdom of Spain",
        "Reino de España"
    ],
    "subregion": "Southern Europe",
    "region": "Europe",
    "population": 47351567,
    "latlng": [
        40,
        -4
    ],
    "demonym": "Spanish",
    "area": 505992,
    "gini": 34.7,
    "timezones": [
        "UTC",
        "UTC+01:00"
    ],
    "borders": [
        "AND",
        "FRA",
        "GIB",
        "PRT",
        "MAR"
    ],
    "nativeName": "España",
    "numericCode": "724",
    "flags": {
        "svg": "https://flagcdn.com/es.svg",
        "png": "https://flagcdn.com/w320/es.png"
    },
    "currencies": [
        {
            "code": "EUR",
            "name": "Euro",
            "symbol": "€"
        }
    ],
    "languages": [
        {
            "iso639_1": "es",
            "iso639_2": "spa",
            "name": "Spanish",
            "nativeName": "Español"
        }
    ],
    "translations": {
        "br": "Spagn",
        "pt": "Espanha",
        "nl": "Spanje",
        "hr": "Španjolska",
        "fa": "اسپانیا",
        "de": "Spanien",
        "es": "España",
        "fr": "Espagne",
        "ja": "スペイン",
        "it": "Spagna",
        "hu": "Spanyolország"
    },
    "flag": "https://flagcdn.com/es.svg",
    "regionalBlocs": [
        {
            "acronym": "EU",
            "name": "European Union"
        }
    ],
    "cioc": "ESP",
    "independent": true
}