{
    "displayLabel": "Department",
    "fields": [
        {
            "displayLabel": "Id",
            "key": true,
            "name": "id",
            "oid": "ca7fa355-2e00-4e5f-b8ae-e51f135ceb80",
            "required": true,
            "type": "number",
            "unique": true
        },
        {
            "displayLabel": "Created",
            "historyType": "timeCreated",
            "name": "creationDate",
            "oid": "56a5e81f-eef1-42ee-bde9-ff3f2ac94b79",
            "type": "datetime"
        },
        {
            "displayLabel": "Last Updated",
            "historyType": "timeUpdated",
            "name": "lastUpdateDate",
            "oid": "c3fb2a83-0514-4795-9f44-ba2bec90e359",
            "type": "datetime"
        },
        {
            "displayLabel": "Created By",
            "historyType": "createdBy",
            "name": "createdBy",
            "oid": "23d6ff5e-d3ca-47cd-9c68-0a250e7a265e",
            "type": "string"
        },
        {
            "displayLabel": "Last Updated By",
            "historyType": "updatedBy",
            "name": "lastUpdatedBy",
            "oid": "fb84aff6-ba65-4569-bc3f-63ce0d8c048a",
            "type": "string"
        },
        {
            "displayLabel": "Version Number",
            "historyType": "versionNumber",
            "name": "versionNumber",
            "oid": "35a69630-11b3-4edc-b603-ab65ee9d871b",
            "type": "number"
        },
        {
            "displayLabel": "Department",
            "name": "department",
            "oid": "ea676fb5-f7b4-4330-88fa-888e1ac3402d",
            "required": true,
            "type": "string"
        },
        {
            "displayLabel": "Location",
            "name": "location",
            "oid": "f65992ee-a8df-49d0-8f4c-acf08e47fad5",
            "type": "number"
        }
    ],
    "hidden": false,
    "name": "Department",
    "oid": "7e2554af-ef98-43c6-a318-c4bbc454ad8d",
    "relationships": [
        {
            "displayField": "department",
            "name": "employeeCollection",
            "reverseRelationship": "departmentObject",
            "targetEntity": "Employee",
            "type": "incoming"
        },
        {
            "deleteRule": "restrict",
            "exposeAccessor": true,
            "mappingField": "location",
            "name": "locationObject",
            "reverseRelationship": "departmentCollection",
            "targetEntity": "Location",
            "type": "outgoing"
        }
    ]
}