id,creationDate,lastUpdateDate,createdBy,lastUpdatedBy,department,location
1,2023-09-18T15:13:30.866,2023-09-18T15:13:30.866,sherif.bashar@wind-is.com,sherif.bashar@wind-is.com,Administration,1
2,2023-09-18T15:13:30.883,2023-09-18T15:13:30.883,sherif.bashar@wind-is.com,sherif.bashar@wind-is.com,Marketing,2
3,2023-09-18T15:13:30.883,2023-09-18T15:13:30.883,sherif.bashar@wind-is.com,sherif.bashar@wind-is.com,Purchasing,3
4,2023-09-18T15:13:30.883,2023-09-18T15:13:30.883,sherif.bashar@wind-is.com,sherif.bashar@wind-is.com,Human Resources,1
5,2023-09-18T15:20:43,2023-09-18T15:20:43.009,sherif.bashar@wind-is.com,sherif.bashar@wind-is.com,IT,5
