{
  "title": "main employees",
  "description": "",
  "variables": {
    "employeeListSDP": {
      "type": "vb/ServiceDataProvider",
      "defaultValue": {
        "endpoint": "businessObjects/getall_Employee",
        "keyAttributes": "id",
        "itemsPath": "items",
        "responseType": "getallEmployeeResponse",
        "filterCriterion": {
          "op": "$co",
          "attribute": "name",
          "value": "{{ $variables.inputSearchVar }}"
        }
      }
    },
    "employeeListSDP2": {
      "type": "vb/ServiceDataProvider",
      "defaultValue": {
        "endpoint": "businessObjects/getall_Employee",
        "keyAttributes": "id",
        "itemsPath": "items",
        "responseType": "getallEmployeeResponse2",
        "filterCriterion": {
          "op": "$co",
          "attribute": "name",
          "value": "{{ $variables.inputSearchVar }}"
        }
      }
    },
    "inputSearchVar": {
      "type": "string"
    },
    "oj_table_381946666_1SelectedId": {
      "type": "string",
      "defaultValue": ""
    }
  },
  "metadata": {},
  "types": {
    "@decorators.getallEmployeeResponse": {
      "endpoint": "getall_Employee",
      "service": "businessObjects",
      "path": "response"
    },
    "@decorators.getallEmployeeResponse2": {
      "endpoint": "getall_Employee",
      "service": "businessObjects",
      "path": "response"
    },
    "getallEmployeeResponse": {
      "items": [
        {
          "id": "number",
          "name": "string",
          "picture": "string"
        }
      ]
    },
    "getallEmployeeResponse2": {
      "items": [
        {
          "id": "number",
          "name": "string",
          "salary": "number"
        }
      ]
    }
  },
  "eventListeners": {

    "oj_table_381946666_1SelectionChanged": {
      "chains": [
        {
          "chain": "ojTable3819466661ChangeSelectionChain",
          "parameters": {
            "employeeId": "[[ $event.detail.value.key || '' ]]"
          }
        }
      ]
    },
    "toggleDrawer": {
      "chains": [
        {
          "chain": "application:toggleDrawerHandler"
        }
      ]
    }

  },
  "imports": {
    "components": {
      "oj-button": {
        "path": "ojs/ojbutton"
      },
      "oj-chart": {
        "path": "ojs/ojchart"
      },
      "oj-chart-item": {
        "path": "ojs/ojchart"
      },
      "oj-input-search": {
        "path": "ojs/ojinputsearch"
      },
      "oj-table": {
        "path": "ojs/ojtable"
      },
      "oj-toolbar": {
        "path": "ojs/ojtoolbar"
      }
    }
  }
}