id,creationDate,lastUpdateDate,createdBy,lastUpdatedBy,location
1,2023-09-18T15:11:22.421,2023-09-18T15:11:22.421,sherif.bashar@wind-is.com,sherif.bashar@wind-is.com,Floor 1
2,2023-09-18T15:11:22.421,2023-09-18T15:11:22.421,sherif.bashar@wind-is.com,sherif.bashar@wind-is.com,Floor 2
3,2023-09-18T15:11:22.421,2023-09-18T15:11:22.421,sherif.bashar@wind-is.com,sherif.bashar@wind-is.com,Floor 3
4,2023-09-18T15:11:22.421,2023-09-18T15:11:22.421,sherif.bashar@wind-is.com,sherif.bashar@wind-is.com,Floor 4
5,2023-09-18T15:11:36,2023-09-18T15:11:36.009,sherif.bashar@wind-is.com,sherif.bashar@wind-is.com,Floor 5
