{
    "fields": [
        {
            "type": "number",
            "name": "id",
            "internal": false,
            "key": true,
            "oid": "0192c23a-0b02-4f7f-b0b8-355df72c0859",
            "required": true,
            "unique": true,
            "displayLabel": "Id"
        },
        {
            "type": "datetime",
            "name": "creationDate",
            "internal": false,
            "oid": "8fad2bcc-bfb3-4d75-bb86-ee84d0bd8219",
            "displayLabel": "Created",
            "historyType": "timeCreated"
        },
        {
            "type": "datetime",
            "name": "lastUpdateDate",
            "internal": false,
            "oid": "7c50d5a3-db24-4fd7-b5f0-a62ed3640693",
            "displayLabel": "Last Updated",
            "historyType": "timeUpdated"
        },
        {
            "type": "string",
            "name": "createdBy",
            "internal": false,
            "oid": "6191480d-0b9b-4718-af72-0b6dd23e2b1c",
            "displayLabel": "Created By",
            "historyType": "createdBy"
        },
        {
            "type": "string",
            "name": "lastUpdatedBy",
            "internal": false,
            "oid": "9de1d0bf-52cd-4f0a-ad4d-c663095922ec",
            "displayLabel": "Last Updated By",
            "historyType": "updatedBy"
        },
        {
            "type": "number",
            "name": "versionNumber",
            "internal": false,
            "oid": "7815d833-a1ea-468f-a1c9-00d7af1ef4fe",
            "displayLabel": "Version Number",
            "historyType": "versionNumber"
        },
        {
            "type": "string",
            "name": "location",
            "oid": "e3fcb8bc-82cf-4fd1-8c3d-1ccb80ce3c5a",
            "displayLabel": "Location"
        }
    ],
    "name": "Location",
    "oid": "760abc78-bfff-4743-95ba-127108281036",
    "displayLabel": "Location",
    "relationships": [
        {
            "displayField": "location",
            "exposeAccessor": true,
            "mappingField": "id",
            "name": "departmentCollection",
            "reverseRelationship": "locationObject",
            "targetEntity": "Department",
            "type": "incoming"
        }
    ]
}