{
    "displayLabel": "Employee",
    "fields": [
        {
            "displayLabel": "Id",
            "key": true,
            "name": "id",
            "oid": "45afd99c-61a7-46b8-9b4d-7c3456739f5f",
            "required": true,
            "type": "number",
            "unique": true
        },
        {
            "displayLabel": "Created",
            "historyType": "timeCreated",
            "name": "creationDate",
            "oid": "59b2d80e-6e30-4223-b9ee-3b0201ffc3de",
            "type": "datetime"
        },
        {
            "displayLabel": "Last Updated",
            "historyType": "timeUpdated",
            "name": "lastUpdateDate",
            "oid": "599294e9-b12a-4b7b-8e72-e33aa8b3c275",
            "type": "datetime"
        },
        {
            "displayLabel": "Created By",
            "historyType": "createdBy",
            "name": "createdBy",
            "oid": "56971386-2af6-4db2-82cf-f07602266616",
            "type": "string"
        },
        {
            "displayLabel": "Last Updated By",
            "historyType": "updatedBy",
            "name": "lastUpdatedBy",
            "oid": "0759a88e-bed5-4748-a6b5-0fa45c4526fe",
            "type": "string"
        },
        {
            "displayLabel": "Version Number",
            "historyType": "versionNumber",
            "name": "versionNumber",
            "oid": "88fb71ac-b7e1-401e-bf26-f1b253ae47c2",
            "type": "number"
        },
        {
            "displayLabel": "﻿Name",
            "name": "name",
            "oid": "e0704d2e-1371-44fc-854c-5c6eb02d9f99",
            "required": true,
            "type": "string"
        },
        {
            "displayLabel": "Email",
            "name": "email",
            "oid": "cbc31323-9c54-4850-a2eb-210b2e1aca66",
            "type": "string"
        },
        {
            "displayLabel": "Hire Date",
            "name": "hireDate",
            "oid": "016015c5-f118-4b73-b8f6-affae6eda74d",
            "type": "date"
        },
        {
            "displayLabel": "Country",
            "name": "country",
            "oid": "c1ca2227-f0ed-42f2-87f0-2165c407d187",
            "type": "string"
        },
        {
            "displayLabel": "Salary",
            "name": "salary",
            "oid": "723d1270-727a-4d7a-b9cf-65082f332bf1",
            "type": "number"
        },
        {
            "displayLabel": "Picture",
            "name": "picture",
            "oid": "234e9774-f680-4eb4-b1c1-38d4d6fe7348",
            "type": "string"
        },
        {
            "displayLabel": "Department",
            "name": "department",
            "oid": "abd240f0-b096-4bc0-90c4-e3b68541835c",
            "type": "number"
        }
    ],
    "hidden": false,
    "name": "Employee",
    "oid": "853cd45d-0df8-4b52-bd00-18d63614c8db",
    "relationships": [
        {
            "deleteRule": "restrict",
            "exposeAccessor": true,
            "mappingField": "department",
            "name": "departmentObject",
            "reverseRelationship": "employeeCollection",
            "targetEntity": "Department",
            "type": "outgoing"
        }
    ]
}