id,creationDate,lastUpdateDate,createdBy,lastUpdatedBy,name,email,hireDate,country,salary,picture,department
1,2023-09-18T15:13:31.107,2023-09-18T15:13:31.107,sherif.bashar@wind-is.com,sherif.bashar@wind-is.com,Sean,Sean@example.com,2006-06-17,US,5000.0,https://www.oracle.com/webfolder/technetwork/jet/content/images/hcm/placeholder-male-01.png,2
2,2023-09-18T15:13:31.141,2023-09-18T15:13:31.141,sherif.bashar@wind-is.com,sherif.bashar@wind-is.com,Chris,Chris@example.com,2008-09-21,IN,4000.0,https://www.oracle.com/webfolder/technetwork/jet/content/images/hcm/placeholder-male-02.png,1
3,2023-09-18T15:13:31.141,2023-09-18T15:13:31.141,sherif.bashar@wind-is.com,sherif.bashar@wind-is.com,Dave,Dave@example.com,2004-01-13,GB,2000.0,https://www.oracle.com/webfolder/technetwork/jet/content/images/hcm/placeholder-male-03.png,1
4,2023-09-18T15:13:31.144,2023-09-18T15:13:31.144,sherif.bashar@wind-is.com,sherif.bashar@wind-is.com,Jane,Jane@example.com,2010-05-21,BR,2000.0,https://www.oracle.com/webfolder/technetwork/jet/content/images/hcm/placeholder-female-01.png,3
5,2023-09-18T15:13:31.144,2023-09-18T15:13:31.144,sherif.bashar@wind-is.com,sherif.bashar@wind-is.com,Shelly,Shelly@example.com,2008-06-25,US,3000.0,https://www.oracle.com/webfolder/technetwork/jet/content/images/hcm/placeholder-female-02.png,2
6,2023-09-18T15:13:31.144,2023-09-18T15:13:31.144,sherif.bashar@wind-is.com,sherif.bashar@wind-is.com,Tiffany,Tiffany@example.com,2009-02-05,US,3500.0,https://www.oracle.com/webfolder/technetwork/jet/content/images/hcm/placeholder-female-04.png,1
