{
  "title": "Shell Header",
  "eventListeners": {
    "openAvatarMenu": {
      "chains": [
        {
          "chain": "openAvatarMenu"
        }
      ]
    },
    "switchValue": {
      "chains": [
        {
          "chain": "SwitchValueChangeChain",
          "parameters": {
            "value": "{{ $event.detail.value }}"
          }
        }
      ]
    }
  },
  "events": {},
  "imports": {
    "components": {
      "oj-avatar": {
        "path": "ojs/ojavatar"
      },
      "oj-button": {
        "path": "ojs/ojbutton"
      },
      "oj-popup": {
        "path": "ojs/ojpopup"
      },
      "oj-switch": {
        "path": "ojs/ojswitch"
      },
      "oj-toolbar": {
        "path": "ojs/ojtoolbar"
      }

    },
    "css": [
      "/resources/css/shell.css"
    ]
  },
  "metadata": {},
  "types": {},
  "variables": {
    "switchModeVar": {
      "type": "boolean",
      "defaultValue": false
    }
  }
}